-0.08,-0.27,-0.31,-2.83,-2.79,-0.07,-1.35,0.71,-0.92,1.25,-1.09,1.27,-0.22,0.99,-0.36,-1.19,-0.31,-0.69,-0.61,0.88
1.61,-0.91,0.55,1.28,0.26,1.88,0.83,1.86,0.77,0.25,-0.43,-0.48,0.68,0.94,1.50,0.79,0.86,-0.16,0.98,0.06
1.56,-2.42,-0.03,1.79,1.86,1.86,0.62,-0.17,1.77,-0.07,-0.74,-0.84,0.17,0.56,-1.66,1.63,0.12,0.13,-0.91,-1.09
1.86,2.71,-1.68,2.14,0.14,-1.94,-0.53,-1.27,-0.48,1.09,0.73,-0.01,0.62,0.45,0.67,-1.14,1.69,-0.73,0.49,0.80
1.96,0.49,1.40,0.52,-1.34,2.29,1.45,0.50,2.04,1.13,1.45,0.96,0.44,1.68,0.55,-0.46,-1.34,-1.72,0.15,-0.11
0.22,-1.16,1.53,0.78,-2.71,3.02,-0.30,-0.22,1.10,0.55,-1.83,0.90,0.48,0.55,0.12,1.84,-0.76,-0.36,0.80,-1.28
0.04,0.11,2.85,1.17,0.44,2.80,2.83,0.58,-0.99,0.78,-0.27,0.42,0.73,-3.50,1.47,-1.16,-0.03,0.35,-1.85,-0.61
1.78,-0.14,-0.25,-1.89,-0.28,0.23,0.62,1.04,0.95,-2.16,-0.12,-0.25,-1.19,0.45,1.32,-0.65,0.61,-0.27,1.05,-0.63
-1.25,-1.79,0.50,-0.35,-1.36,1.23,-1.11,1.54,0.29,1.17,-0.84,-0.02,1.04,-0.29,-0.67,0.78,-1.43,-0.94,-0.69,-0.07
3.09,0.17,3.08,1.49,-2.52,5.02,2.64,0.94,0.65,1.00,-1.60,-0.28,-0.21,1.87,-0.64,0.77,-0.78,0.12,0.35,1.57
-1.09,-1.01,1.03,0.36,-1.47,1.54,-0.53,-1.62,0.12,-0.90,0.18,1.53,-1.79,-1.42,-1.12,-1.36,-1.27,-0.31,-2.74,-0.81
-1.54,1.31,-0.53,0.08,0.95,-2.07,-0.30,0.50,1.09,1.56,-0.39,0.46,-1.34,1.69,-0.12,-0.40,1.70,0.51,0.27,2.87
0.50,-0.24,2.91,0.60,2.45,2.61,4.14,0.19,-0.22,-0.14,0.44,-0.21,0.15,1.76,-1.09,0.31,0.66,-1.58,-1.28,0.21
-0.75,-0.97,2.53,0.57,1.62,2.36,2.66,2.48,-0.11,-1.58,0.39,-1.35,-0.28,-0.09,-1.34,0.63,0.40,-0.79,1.23,0.23
0.52,0.44,-0.68,-2.16,-1.83,-0.67,-0.91,-0.59,-0.87,0.10,0.88,-1.54,-0.68,0.43,-2.27,-0.05,-0.61,1.34,0.21,0.43
0.27,2.13,-2.35,-0.10,1.39,-3.68,-0.88,-1.37,1.05,0.60,0.50,-1.18,-0.34,-1.36,-0.10,0.05,-0.99,0.26,-0.83,0.23
-0.61,-0.48,1.96,-0.77,3.72,0.79,3.64,-0.78,1.38,-0.33,-0.03,-1.33,1.77,-1.16,-0.09,1.13,-0.27,1.67,0.11,0.23
0.94,2.50,-2.17,0.60,0.71,-3.12,-0.83,1.39,-0.29,0.61,1.22,-0.13,-0.29,0.29,1.21,-0.91,-1.68,0.01,1.03,0.58
-3.16,1.46,-1.33,2.42,4.18,-3.88,-0.39,-1.28,-0.54,-0.48,-0.21,-0.20,-1.94,-1.00,-0.31,1.68,-0.61,-0.21,-0.44,1.35
1.47,2.33,-1.45,-0.75,-2.19,-1.69,-1.25,0.72,-1.71,-0.07,0.64,0.35,0.97,-0.35,1.45,1.02,-0.29,-1.71,0.13,1.06
-0.79,-0.75,-0.22,2.04,1.24,0.01,-0.43,-0.65,2.31,1.37,1.14,-0.07,0.67,0.39,1.58,-0.28,0.10,0.57,1.03,0.46
-1.26,0.67,-2.35,1.59,2.56,-3.42,-1.55,-1.26,0.10,0.06,-1.48,-1.38,1.42,0.51,0.69,-1.03,1.42,-1.77,-1.50,0.55
-0.21,-0.54,1.56,0.91,-2.87,2.60,-0.38,-0.03,-1.62,-0.82,1.43,1.76,-1.58,0.63,0.50,0.49,0.17,-0.38,-0.23,0.85
-0.88,-0.85,1.92,0.26,-1.20,2.30,0.62,0.31,0.03,-0.02,0.76,0.00,-0.22,-1.04,0.54,0.16,0.75,-0.27,-0.63,-1.31
-1.27,-0.61,0.71,1.82,0.42,0.78,-0.08,0.15,1.36,-0.42,-1.86,0.52,0.39,0.99,0.88,0.44,-1.11,1.43,0.37,-0.73
1.07,1.22,-1.19,-1.25,-0.81,-1.44,-0.63,0.16,1.22,0.32,-0.58,0.71,1.59,1.82,0.37,0.03,-0.99,-0.16,0.30,0.57
3.38,1.60,-0.36,1.51,-0.97,0.70,0.59,0.28,0.10,1.30,1.14,1.58,0.21,0.14,0.29,-1.65,-1.16,1.75,-1.92,-1.21
1.04,1.12,-0.89,0.90,-0.65,-0.70,-0.68,0.90,-0.17,0.81,1.30,-1.69,-0.26,-0.01,-0.10,-0.46,0.00,0.13,0.70,-0.28
-0.42,0.90,-1.90,-2.84,-4.42,-1.96,-3.59,-0.20,0.07,1.11,0.78,-1.01,1.21,0.07,0.37,0.08,-0.21,-1.41,0.49,0.03
1.42,-1.04,0.68,-0.41,-1.56,2.10,0.21,2.34,1.39,-1.40,-0.90,0.96,-0.48,-0.70,0.44,0.42,-0.34,-0.43,-0.16,-1.11
-0.95,-0.51,0.23,2.57,2.60,0.01,0.62,1.05,0.56,1.24,-1.31,0.94,-0.37,-1.01,-0.57,-2.15,-0.49,0.45,0.86,-0.35
-1.16,-1.16,2.36,-0.04,0.41,2.31,1.76,-0.64,-0.16,1.91,0.68,0.86,0.50,0.46,-0.36,-0.78,-0.50,0.41,1.37,0.47
2.56,1.50,1.50,-0.45,-3.08,2.30,1.30,-0.10,0.29,-0.47,-1.84,2.19,-1.01,-0.16,0.64,1.07,2.07,-1.04,0.36,-0.57
-1.60,-1.99,1.48,-0.35,1.75,1.35,1.29,-0.95,-1.59,2.00,1.49,0.04,-0.87,-0.92,-0.71,0.09,0.22,-0.15,1.03,0.33
-1.05,1.67,0.68,-2.27,-2.68,-0.52,-0.33,-0.85,0.94,1.08,1.34,0.92,0.93,0.85,0.80,2.00,-0.40,0.11,-0.24,-0.93
0.72,2.18,-1.96,-2.15,-1.31,-2.91,-1.36,0.35,1.81,1.34,-0.70,2.06,-0.10,1.16,-0.37,-0.35,0.73,1.83,-0.14,0.33
1.35,-0.18,1.87,0.59,-1.55,2.92,1.37,-0.69,-0.30,0.49,-1.11,0.86,1.20,0.97,-0.10,-0.88,-1.16,-0.19,-1.70,0.82
-0.29,0.31,2.52,1.16,1.39,2.01,2.93,-0.54,1.00,-0.02,1.04,0.88,-0.47,0.74,-1.12,0.31,-0.90,0.10,-1.07,-0.23
-0.99,-1.64,-0.84,2.46,2.74,-0.46,-0.63,-1.79,1.41,0.40,-0.19,-0.75,0.06,1.20,0.77,-0.94,-1.51,0.23,-0.32,0.79
0.58,0.08,2.54,1.01,2.95,2.08,4.09,0.65,-0.78,0.14,0.63,0.76,-1.02,-0.86,-0.10,-1.81,-0.83,0.87,0.29,-0.34
-0.77,-0.96,1.37,0.58,1.19,1.34,1.30,-0.73,-0.01,1.75,0.64,-0.21,1.45,-0.66,0.25,-1.80,2.13,-0.93,0.91,-0.50
-0.43,-0.84,2.38,-0.30,2.52,1.86,3.31,0.29,0.81,-0.37,-0.95,1.16,-2.06,0.36,0.58,-0.45,-0.40,1.41,0.45,0.93
0.84,0.94,0.49,-0.89,-2.12,0.63,0.09,-0.79,0.04,0.63,1.15,1.59,0.26,-0.08,-0.25,1.37,0.31,0.26,-0.36,-0.36
1.48,-0.64,0.10,-0.30,0.14,0.95,0.64,3.45,-0.08,1.39,-0.50,0.18,-0.48,1.13,-0.52,0.66,0.53,0.06,-0.98,-0.13
0.47,1.44,-1.02,1.29,2.21,-1.85,0.49,0.83,1.27,-0.66,0.99,1.42,1.89,0.13,0.26,0.13,-0.65,-1.22,-0.42,0.49
-0.97,2.01,-1.10,-0.07,-0.55,-2.43,-1.21,-0.90,-0.28,-2.38,-1.77,-0.55,-0.84,1.49,-0.08,-0.73,1.01,0.86,-0.27,2.17
1.49,-0.70,0.14,0.28,-0.22,1.24,0.37,-0.27,1.69,0.34,0.97,-0.94,-0.26,-1.19,-0.44,0.73,-0.80,1.12,0.15,-1.28
-1.60,-0.02,-2.57,1.17,2.64,-3.49,-1.95,-1.52,-1.18,-0.90,0.82,-0.20,0.27,-0.28,-0.45,1.13,0.17,-0.81,0.29,-0.70
-2.13,1.16,-1.91,0.11,0.16,-3.34,-2.33,-1.42,-1.16,0.94,1.39,-0.16,-0.09,1.98,1.14,0.21,-0.22,-1.33,0.59,0.83
-1.55,0.75,-0.63,-1.30,-1.16,-1.62,-1.40,2.48,0.73,0.95,-0.61,-2.07,0.24,-0.09,0.55,-0.19,1.07,-0.97,-0.34,0.63
-0.33,0.86,-0.47,-2.61,-2.91,-0.88,-1.42,-1.44,1.00,0.64,-1.30,0.54,1.08,-0.24,-0.76,-0.44,1.33,1.36,0.59,-0.36
0.64,0.30,-0.37,-3.09,-3.38,-0.06,-1.24,-0.37,0.84,-0.88,0.05,-0.35,0.26,1.09,-0.16,0.87,0.64,0.70,-0.37,1.04
-1.16,-0.02,1.30,0.59,0.73,0.71,1.08,-1.37,-0.01,0.32,0.76,0.44,-1.34,-2.20,0.12,0.43,-0.20,1.60,-0.57,0.76
-1.12,1.12,-0.02,0.15,1.00,-1.31,0.33,-1.33,-0.80,0.74,0.74,-0.19,0.79,0.43,-1.37,-0.34,-0.64,-0.79,0.27,-1.29
-2.07,-2.45,-1.82,2.71,-0.06,-0.62,-3.73,-0.53,-0.16,-0.17,0.88,-0.98,0.17,0.56,-0.24,0.07,-2.08,0.64,-0.51,0.07
0.63,0.44,-1.09,-0.25,1.21,-1.38,-0.01,0.53,-0.47,0.77,0.84,0.35,-2.65,1.08,-0.26,0.69,-0.30,0.39,0.02,-1.46
-2.26,1.05,-0.68,-0.28,0.09,-2.23,-1.18,-0.63,-0.10,-0.09,0.02,-0.37,-0.28,-0.57,-0.56,-0.08,-0.63,1.04,-0.13,-0.03
0.48,-1.23,0.60,1.79,0.06,1.81,0.16,-0.01,-1.33,-2.05,-0.06,0.09,0.86,-2.75,0.89,0.52,-1.10,1.79,-0.71,0.02
-1.06,-0.67,2.36,0.30,-0.51,2.38,1.39,-1.02,-0.93,-0.73,-0.35,1.33,1.14,-1.05,0.00,-1.17,-0.18,1.27,1.19,-0.61
0.08,-0.90,1.69,1.26,3.21,1.60,2.90,0.39,-0.64,-1.13,0.60,0.61,-0.03,0.31,-0.35,-1.59,-0.79,-0.30,-1.27,1.02
-0.32,1.53,-0.66,-0.25,-0.08,-1.64,-0.37,-0.26,1.84,0.54,0.23,1.33,2.03,-0.17,-1.42,-0.31,-1.35,-0.37,0.80,0.50
-0.18,-0.34,0.62,2.97,3.55,0.43,1.77,-0.51,0.75,1.37,2.29,0.76,-0.51,0.23,-0.48,-0.24,-0.31,0.98,-0.60,-0.33
1.34,1.47,-0.96,-0.63,-1.99,-0.82,-0.96,0.87,0.93,0.40,-0.85,-2.00,1.47,-1.08,-0.93,-0.26,-1.79,-0.35,0.91,-0.23
-0.93,1.65,-0.71,-0.64,-0.73,-1.92,-0.90,-1.22,0.37,-0.16,0.42,-0.21,-0.45,-0.03,-0.10,1.36,0.64,1.23,0.28,0.30
-2.40,-3.19,-0.68,2.02,0.17,0.54,-2.69,-0.63,-0.52,0.23,0.40,0.80,0.76,1.51,0.13,1.77,-0.20,0.48,-0.70,-0.82
0.37,-3.00,0.39,2.81,0.06,2.76,-0.73,0.72,0.57,0.50,2.04,-0.39,-0.88,-0.89,1.04,-0.56,-1.08,0.73,-0.79,-0.43
1.51,-0.85,-0.22,2.40,0.99,1.13,0.24,-0.16,-0.39,-0.95,-1.01,1.29,2.95,0.23,0.34,-1.30,0.11,-1.24,1.05,2.09
0.75,-0.46,0.08,-3.31,-3.27,0.76,-0.86,1.05,-0.01,-1.21,-0.38,0.42,-0.62,-0.20,0.65,-0.99,0.27,0.90,0.71,0.47
3.58,0.37,1.18,1.39,-0.85,2.86,1.94,-2.56,-1.90,-0.87,-1.53,-1.45,1.64,1.06,-0.03,0.17,0.20,-1.17,0.17,-1.10
-0.97,-1.04,-3.24,-1.02,-0.25,-3.04,-3.73,0.52,1.89,-0.36,-0.66,0.75,0.81,-0.75,-0.51,-0.47,-1.38,-0.07,0.37,0.36
-1.91,0.49,-2.31,-1.06,-1.56,-3.08,-3.49,-0.47,-0.32,0.24,-1.11,1.62,1.07,-0.56,0.25,0.22,1.59,0.43,1.03,0.48
-0.49,1.16,-0.06,-1.36,-1.79,-0.74,-0.65,-0.02,0.71,0.88,0.96,0.36,0.96,-1.92,-0.41,-0.73,-0.40,-0.84,0.92,0.23
-1.33,-1.74,-0.43,1.39,2.08,-0.20,-0.54,0.71,0.88,1.01,1.35,0.56,-0.16,1.13,-2.02,0.74,-2.57,-0.52,-0.49,-1.34
-2.04,-2.18,-2.65,1.32,1.92,-2.33,-3.16,0.19,0.33,-0.38,-2.04,-1.02,-0.87,-1.23,-0.13,1.06,-1.54,-3.37,2.19,1.06
-0.72,-0.44,0.69,1.76,-0.12,1.00,-0.11,2.55,-2.01,-0.57,0.18,0.66,-0.49,-1.47,-0.99,0.78,-1.07,-0.04,0.11,-1.82
1.30,0.62,-0.66,-1.73,-1.61,-0.41,-0.51,0.28,-0.97,1.62,0.03,0.94,0.32,-2.49,-1.23,-1.19,-1.96,0.14,0.93,1.17
-0.25,0.08,2.85,0.33,-0.35,2.71,2.44,-1.95,-0.47,-0.51,0.33,1.16,-1.69,-0.39,-0.28,0.60,0.75,0.85,1.26,0.18
1.01,1.20,-1.10,-0.45,-0.78,-1.20,-0.70,0.17,0.01,-0.55,-0.23,1.16,1.17,0.12,-0.32,0.50,-0.80,0.15,1.36,-0.07
-0.08,-0.46,0.67,0.49,-2.19,1.50,-0.74,-0.22,0.24,0.02,-0.27,-0.04,1.43,0.72,-0.64,-0.42,-0.43,-1.11,-0.81,0.33
-1.41,-0.06,-1.30,-4.02,-1.48,-2.24,-1.86,0.94,1.36,-0.77,0.62,-2.41,1.26,0.50,-0.87,0.39,0.49,0.68,-0.97,-0.01
1.57,-1.85,1.15,2.36,0.03,3.24,0.85,-0.62,1.47,0.07,-0.81,0.38,-0.86,0.86,0.94,0.53,0.02,1.19,-0.20,-0.03
0.77,-2.40,0.18,2.57,1.64,1.94,0.25,-1.28,0.26,0.67,-0.45,-0.50,-0.52,-2.76,-0.37,-2.47,-1.38,-0.79,-1.10,0.37
1.55,-0.70,0.64,0.60,-0.45,1.86,0.70,-0.21,1.11,-0.59,0.43,-0.63,-1.35,0.33,-1.96,1.29,-0.94,-0.51,1.80,-1.30
-3.10,1.01,-0.85,-1.17,-0.59,-2.72,-1.87,1.08,-1.98,-1.91,0.82,-1.61,0.44,-2.15,-0.65,0.11,-0.30,-0.90,-1.52,0.01
-1.83,-1.68,-0.74,0.50,1.99,-0.90,-0.91,-0.17,0.23,-0.40,1.27,0.53,-0.27,0.07,1.06,2.06,-0.65,-0.89,0.02,0.47
1.28,1.81,-1.44,-1.08,-1.28,-1.76,-0.91,0.06,-0.40,-0.60,-0.18,-0.63,-0.41,0.58,1.66,0.28,1.47,2.36,0.35,-0.14
-1.41,0.58,-2.51,-1.52,-2.23,-3.04,-3.74,-0.25,1.49,-1.01,0.97,-2.21,0.81,0.69,0.14,-0.21,0.71,-1.45,-0.30,-1.02
0.00,1.52,-2.01,-2.14,-0.04,-3.19,-1.19,-0.20,1.39,-0.40,-1.40,-0.77,1.78,1.24,-0.92,0.03,-0.14,1.16,-0.59,-2.27
-0.69,-1.56,1.96,0.13,0.35,2.39,1.40,0.42,-1.75,1.14,-0.47,-1.51,-0.81,1.29,0.05,-0.47,-0.33,-0.29,0.52,0.78
-0.68,1.44,-0.63,0.55,0.69,-1.73,-0.25,0.22,0.91,-0.73,-0.14,0.25,-0.13,-0.49,0.14,1.42,-1.20,-0.36,0.33,-1.12
0.33,0.79,-1.29,-1.93,-0.38,-1.84,-0.77,0.84,-2.78,-0.48,1.71,0.64,-1.75,-0.38,0.40,0.22,1.89,1.03,1.29,-1.91
-0.82,-0.69,1.62,0.84,1.63,1.36,1.78,1.23,0.55,1.69,-0.05,0.72,1.05,0.66,-0.05,-2.04,-2.40,0.54,-1.83,1.17
1.89,1.07,-0.58,-0.44,-1.61,-0.07,-0.32,-0.34,0.38,0.63,-0.30,1.36,1.55,0.34,-0.62,0.32,-0.89,2.06,-0.40,-1.32
-0.56,0.21,1.69,1.35,1.42,1.19,1.97,-0.25,-0.28,0.30,0.40,2.63,-0.47,-0.96,-0.86,0.10,0.58,0.23,0.42,-0.80
3.70,1.76,-0.63,2.09,0.49,0.24,1.16,1.10,-0.52,0.20,-0.01,-1.39,-1.29,0.02,-0.17,-1.79,-0.44,0.50,-0.84,-1.68
-4.58,1.22,0.70,-1.62,-0.35,-2.11,-0.70,1.47,-1.09,-0.09,0.67,1.07,0.63,0.82,-2.20,-0.38,1.96,-0.86,-1.23,0.50
1.29,-1.19,1.84,-0.10,-2.96,3.65,0.45,0.30,-0.26,1.40,0.43,2.56,0.92,0.41,-0.11,0.40,-1.75,0.60,1.29,-0.36
-1.56,0.13,-1.51,-0.19,1.04,-2.43,-1.46,1.29,-0.42,-1.35,-0.87,-0.63,-0.96,-0.76,-0.18,-0.01,-0.31,0.34,-0.56,-0.16
0.19,-1.86,0.74,1.30,-2.41,2.68,-1.19,-1.41,-0.79,-0.12,0.13,-1.58,0.42,-0.94,-0.73,0.28,-0.52,0.55,-1.05,-0.91
-1.55,-1.42,0.00,0.17,1.21,-0.10,-0.36,-1.80,1.03,-0.03,1.22,-1.19,0.64,-0.30,-0.69,1.42,0.01,-0.30,0.39,1.93
-1.31,-1.33,0.24,0.64,1.27,0.25,-0.06,0.11,0.33,0.56,-0.10,0.23,-1.05,-1.72,-0.52,-0.32,-0.87,-0.84,-1.24,0.13
1.73,1.52,-1.16,-0.74,-0.78,-1.21,-0.34,-0.62,0.43,-0.73,0.07,-0.71,-0.01,1.05,-0.10,1.53,-1.31,-0.71,-0.43,-0.32
2.79,-1.41,1.48,0.75,-1.11,3.75,1.45,0.46,1.34,2.84,1.00,-1.73,-0.47,0.12,-0.30,0.46,-0.13,-1.23,-0.03,1.09
2.66,0.73,-0.33,-0.38,-0.63,0.43,0.65,0.23,0.18,0.58,-1.97,-1.00,0.84,1.27,1.14,-0.29,0.56,-0.47,1.35,-0.58
0.77,-1.15,-0.44,1.41,1.00,0.58,-0.16,-0.85,-1.88,0.57,0.74,-2.54,-1.24,-0.43,-0.23,-0.87,-0.05,-1.68,0.51,1.89
-2.10,-0.95,1.27,-1.07,-0.26,0.73,0.23,0.79,-1.98,0.97,-0.88,1.56,1.26,-1.69,0.27,-1.12,-0.20,-0.65,0.08,-1.28
-0.94,-1.32,1.33,0.74,2.04,1.26,1.52,-1.40,-0.98,-0.06,2.38,0.25,-0.79,0.08,-0.63,0.47,-0.92,0.01,-0.22,1.11
-2.04,-1.59,-1.48,2.65,0.06,-0.81,-3.10,0.64,-1.40,-0.83,0.54,-0.46,0.84,-0.59,0.55,1.75,0.78,-0.33,0.99,-0.37
-1.05,1.96,0.74,-0.38,0.49,-1.02,1.13,0.87,1.19,-0.78,1.05,0.96,-0.75,-1.43,-0.29,1.21,-0.38,0.05,2.20,-1.25
-0.53,1.37,-2.14,1.87,2.47,-3.23,-0.99,0.61,-0.59,1.15,-0.97,0.14,-0.30,0.94,-0.49,-0.32,-1.36,0.41,-0.67,-0.15
-0.65,0.81,-0.66,-0.91,-1.03,-1.27,-1.06,-0.30,1.13,-1.92,-0.85,0.48,-1.33,-0.04,0.25,-0.21,0.41,1.14,1.12,0.69
1.17,1.50,-1.19,-1.32,-1.62,-1.36,-0.92,0.44,0.42,1.35,-0.10,-0.61,0.55,-0.07,-0.20,0.91,-1.08,1.88,2.51,-0.32
1.16,1.17,-0.87,-0.57,-1.68,-0.70,-0.87,1.43,-1.19,-0.18,1.20,0.88,-0.74,0.09,-0.24,0.72,0.54,-0.53,0.18,-1.15
-1.84,0.66,-1.81,0.95,1.90,-3.11,-1.48,-0.47,0.22,0.63,1.06,-1.46,-0.27,0.61,0.99,2.11,0.72,1.86,0.35,0.45
-1.16,-1.64,0.89,0.35,1.42,1.00,0.67,0.81,1.47,0.69,0.11,1.98,-0.89,-0.63,-0.48,0.72,-1.78,0.29,-0.20,-0.37
-2.05,-0.00,-2.22,-1.10,-0.19,-3.12,-2.85,-0.54,-0.89,-0.60,-0.72,0.34,-0.72,0.61,-0.71,-0.38,0.77,-0.50,-1.03,-1.28
-2.41,-2.77,0.82,-0.48,-0.62,1.40,-1.10,0.14,-0.60,0.55,-0.28,0.94,0.08,-0.49,1.13,-0.43,-1.23,0.66,-0.69,-0.06
1.90,2.03,-1.20,-1.90,-2.69,-1.23,-0.97,0.62,1.42,1.83,0.03,-0.16,0.07,0.68,-1.59,0.17,1.07,-1.80,-0.89,0.00
-2.10,-1.93,-0.65,0.57,1.36,-0.61,-1.33,1.02,-0.10,0.96,1.07,1.74,0.86,0.32,0.45,-0.34,-1.15,-3.15,-1.37,-0.46
0.15,0.64,3.35,0.78,2.78,2.36,4.80,0.66,0.74,-1.22,-0.45,-0.21,-1.59,0.90,0.98,1.45,1.13,1.00,0.27,-0.91
1.08,0.11,-0.11,-1.99,-3.17,0.64,-0.96,0.80,-0.47,2.03,0.30,0.08,-1.45,-1.00,1.12,-1.11,-0.25,-1.35,1.13,0.96
0.25,-0.62,-2.93,-0.90,-0.05,-2.51,-2.76,0.69,1.14,0.87,-0.23,-1.41,0.65,-0.84,-0.05,-0.64,0.16,1.74,0.47,1.59
-0.40,0.91,-1.46,-3.24,-1.93,-2.25,-1.76,-0.08,2.19,-0.24,0.09,0.73,-1.32,-0.47,-0.33,0.32,-1.06,-2.23,-0.77,1.34
1.49,1.11,-1.26,-1.16,0.40,-1.55,0.07,0.84,0.32,-0.97,1.25,1.16,-0.40,-0.66,-0.54,1.09,-0.28,-0.36,-2.27,-0.71
-1.05,0.51,-0.35,-1.43,-0.30,-1.26,-0.52,-0.17,1.45,-0.16,-1.24,-0.77,0.31,0.35,-1.13,0.87,0.01,-2.88,-1.76,0.50
-1.86,0.84,0.41,-4.31,-4.38,-0.64,-1.63,-0.54,1.32,0.74,-2.87,-0.53,-0.18,-0.87,-1.07,1.71,-0.93,-0.32,1.00,-1.24
-0.25,1.17,0.19,-0.50,-0.05,-0.66,0.45,-0.67,-1.16,-0.27,-1.09,-0.14,-0.15,2.01,-1.13,-1.06,1.46,0.19,-1.12,0.22
2.46,0.16,-0.17,-2.06,-1.01,0.56,0.69,1.96,-1.46,0.38,-1.03,0.74,-0.68,-0.16,-0.07,-0.71,0.54,0.28,-0.32,-1.22
0.48,1.03,-1.53,-1.69,-3.03,-1.43,-2.32,0.08,-0.36,0.15,-0.37,1.07,-0.55,-1.11,0.64,2.29,-0.48,0.14,1.01,0.01
1.75,-1.19,1.00,1.35,0.75,2.41,1.50,-0.90,-0.25,-0.83,-2.09,0.94,-0.41,1.99,1.42,-0.53,-0.63,-0.21,0.32,0.71
-2.59,-2.28,-0.66,0.11,-0.97,-0.15,-2.77,-0.91,-1.75,0.85,-0.42,0.04,-1.66,-0.49,1.49,2.43,2.24,-2.16,1.08,1.94
-0.27,1.41,-0.40,0.56,1.06,-1.42,0.33,-0.52,-1.18,0.86,-1.00,-0.03,0.52,-0.49,-0.72,-1.22,0.13,2.52,0.92,-1.31
-0.32,0.97,-1.37,-1.00,-0.86,-1.97,-1.47,1.10,0.01,-1.44,-0.12,0.15,-1.13,0.12,-1.99,-0.02,1.35,1.32,0.72,-0.99
1.46,0.77,-0.53,-0.52,-1.65,-0.04,-0.52,-0.56,-0.39,-0.64,0.13,0.05,-1.13,0.28,2.26,-1.48,-0.84,1.12,0.03,0.76
1.93,1.40,-0.86,-0.03,-1.31,-0.49,-0.40,-0.50,-0.15,1.30,1.30,0.04,-1.19,0.67,1.16,-0.40,2.61,-0.94,-0.03,-0.54
0.65,1.13,-0.85,-0.44,-2.20,-0.71,-1.36,-0.10,-0.00,0.20,-1.40,-1.29,-0.51,-1.49,0.96,-1.28,0.37,-0.97,-0.94,-0.35
-1.22,-1.65,0.87,0.74,0.12,1.37,-0.13,-0.62,0.50,0.47,-0.18,0.52,0.57,1.05,-0.19,-0.50,-1.16,-0.63,-2.33,-0.98
-0.68,0.88,0.11,-2.70,-2.92,-0.49,-0.97,0.79,-0.04,0.42,-0.49,-0.15,-1.81,0.16,-0.17,-0.99,-1.13,-1.25,-0.98,-1.29
-0.71,-1.16,1.86,1.20,2.19,1.83,2.17,2.00,0.55,-0.75,0.79,-1.33,1.15,0.24,-1.55,1.33,-1.31,-0.43,-0.84,0.09
-1.10,0.11,1.26,1.74,0.23,1.00,0.62,0.26,-0.63,-1.61,-0.72,0.42,0.46,2.13,-1.06,1.39,-1.60,-1.62,0.46,-0.69
-1.36,-1.20,0.51,0.82,0.21,0.72,-0.38,-0.95,-0.43,-0.92,-1.12,0.73,-1.19,-1.24,0.60,-0.29,-0.65,0.22,-1.70,-2.22
0.11,1.29,-0.99,-1.16,-1.97,-1.37,-1.42,-1.61,-1.42,-0.65,-0.02,1.25,0.17,2.06,0.45,-0.24,0.58,-0.21,0.05,0.71
-1.02,-1.50,2.23,-1.65,-0.63,2.35,1.35,-0.92,-1.10,-0.90,-0.43,-2.16,0.44,-0.65,-1.37,-1.51,-2.37,-0.41,-0.64,0.95
-0.57,-1.58,0.82,0.25,-1.47,1.84,-0.65,0.06,-0.95,1.21,0.53,0.61,-1.56,1.10,-0.36,-1.31,0.07,1.17,1.52,-1.12
0.08,-1.14,1.04,1.29,-1.29,2.25,-0.17,-0.46,1.68,-0.46,-0.57,-0.88,0.26,0.61,-1.10,0.01,-0.03,1.05,0.41,2.70
2.07,0.78,-1.18,-1.47,-2.12,-0.49,-0.98,-1.34,0.93,-0.58,-0.78,-0.91,0.08,2.33,0.01,-0.54,0.37,-0.54,0.36,-0.15
-1.24,-1.07,-0.24,1.20,2.65,-0.54,0.19,-0.17,0.64,-0.17,0.75,-0.65,-0.21,1.22,0.65,-1.61,-1.43,0.73,-1.36,0.41
-0.33,2.44,-2.78,-0.36,1.40,-4.55,-1.40,-1.35,0.27,0.34,0.16,1.21,-1.19,0.61,-0.77,1.52,0.68,-0.88,1.60,0.88
-0.60,1.50,-2.31,-1.87,0.77,-3.85,-1.34,-0.43,1.23,0.22,0.77,-1.65,-0.11,-0.28,-0.17,-0.98,0.41,-0.42,-1.13,-0.65
-0.19,-0.10,0.88,2.09,1.04,0.99,0.92,1.23,-2.13,-2.20,1.19,0.62,-1.16,-0.96,-0.79,1.92,1.68,0.10,-0.02,0.57
-1.63,0.19,-3.59,0.80,1.29,-4.33,-3.54,1.34,0.72,1.58,1.72,0.32,-0.20,-0.71,-0.01,-0.26,-1.96,1.30,1.05,-1.24
0.59,1.49,-1.69,-2.25,-0.67,-2.49,-0.96,0.35,-1.31,-0.34,-0.09,0.53,1.14,0.11,-2.80,0.89,0.18,-1.08,0.82,0.79
0.98,-1.13,0.54,0.48,-1.38,1.99,-0.19,-0.08,-1.11,-0.19,1.11,1.64,-0.59,0.26,-0.45,1.65,0.53,0.11,0.25,-1.31
-0.15,0.26,-1.06,-4.33,-6.12,-0.60,-3.45,1.28,0.90,1.19,1.18,1.69,-0.19,0.04,0.79,-0.00,0.59,1.36,1.66,-1.00
-1.19,1.42,-1.80,0.37,0.16,-2.94,-1.83,-0.59,-0.25,0.69,1.48,0.78,-0.38,0.49,0.22,2.20,0.40,-1.09,-0.96,-0.12
-1.55,-1.66,0.47,-0.26,-0.21,0.74,-0.64,-0.68,0.20,1.65,-0.51,0.02,-0.04,1.84,0.58,0.79,-0.14,1.29,0.30,-1.76
2.80,2.23,-1.31,0.60,-0.01,-1.22,0.28,-1.03,-0.98,0.23,2.11,-1.43,-0.63,-1.58,0.07,0.94,1.40,2.27,-0.79,-0.36
1.19,-1.18,1.66,1.81,-1.84,3.55,0.47,0.24,-0.35,0.04,1.53,-0.93,-0.32,-0.60,0.05,-0.05,2.31,0.19,-0.51,-0.19
-1.01,1.57,-2.18,-2.72,-1.11,-3.65,-2.20,1.17,-0.35,0.27,-0.71,-0.34,-0.31,0.73,2.13,0.26,-1.27,0.96,1.34,0.60
1.45,-0.93,1.85,1.28,-1.20,3.43,1.25,0.27,-1.93,0.03,0.18,1.32,0.73,0.43,-2.29,-0.33,0.17,-0.93,-1.33,1.20
-1.75,0.80,-2.53,0.73,0.71,-3.58,-2.70,0.61,-1.89,-1.38,-0.40,-1.33,-0.64,0.45,1.30,-0.86,-1.36,-0.11,0.12,-0.33
0.74,-1.69,1.51,2.35,-0.22,3.22,0.78,-0.73,-0.10,0.47,0.89,-1.30,-0.19,-0.63,0.60,-1.40,1.49,-1.16,1.21,-0.66
-0.00,-0.62,1.31,2.23,1.17,1.76,1.32,1.05,-1.95,0.34,1.25,-0.60,0.57,0.33,-0.41,1.03,1.43,0.55,0.06,-0.08
-0.41,-0.30,1.86,2.18,3.57,1.33,3.05,-0.35,0.21,-0.31,0.15,-1.00,0.17,0.95,-0.22,-0.06,0.19,0.44,0.01,-0.22
-0.18,1.04,-1.23,-0.72,-1.32,-1.64,-1.57,-0.91,-1.47,-1.21,0.51,0.33,0.21,-0.56,-0.91,-0.62,-1.42,1.32,0.26,1.94
-0.44,0.10,1.49,1.91,1.28,1.26,1.62,0.37,-0.10,-0.20,-0.73,-0.50,-1.63,1.30,-0.08,-2.12,1.52,-0.87,-1.24,1.11
0.73,-0.61,0.10,1.87,1.44,0.76,0.64,-0.67,-1.56,0.07,-1.14,-0.36,-0.23,0.18,-0.41,-0.50,-0.41,-0.63,-1.38,-1.33
0.83,0.90,0.34,-1.16,-2.32,0.50,-0.12,-0.27,0.77,-0.48,-1.51,-0.14,0.50,-1.40,-0.49,-1.59,-2.34,-0.20,-1.06,1.11
0.88,0.16,-0.37,0.78,-0.47,0.19,-0.37,-2.42,0.50,0.69,-0.85,0.14,-1.35,0.35,-0.50,0.47,0.61,0.95,0.57,0.28
-0.93,-1.69,1.46,1.58,-0.06,2.30,0.30,-0.13,1.19,-0.19,1.02,-1.33,-1.65,-0.44,1.62,1.11,0.62,0.26,0.08,-0.03
-0.69,-1.29,0.82,1.28,0.25,1.42,0.09,-0.32,0.16,-0.61,0.01,-0.86,0.01,-0.23,-0.55,-1.01,1.52,-0.37,0.24,-0.25
3.47,2.38,-1.09,0.95,-0.25,-0.69,0.61,0.81,-1.93,-0.67,0.02,-0.66,0.26,-0.69,-0.01,-0.32,0.32,-0.42,0.04,-0.67
1.17,1.11,-1.72,-1.03,-1.84,-1.53,-1.70,0.50,-0.73,0.12,-0.16,-0.55,0.09,1.07,-0.11,-0.01,1.20,0.37,-2.45,1.43
-1.61,-1.41,-0.27,1.19,3.02,-0.62,0.13,0.82,-0.78,-1.06,0.51,-0.15,0.06,0.27,-1.75,1.16,1.96,-0.63,-0.56,-0.30
0.74,0.12,0.27,0.06,-1.24,0.81,-0.08,1.12,0.72,-1.40,-0.77,-0.13,0.64,-0.03,-0.35,0.32,-0.54,1.40,-0.57,0.02
0.52,-1.15,0.75,0.68,-1.58,2.10,-0.32,-0.80,-0.75,0.43,-0.10,0.51,1.33,0.11,0.33,-0.95,0.97,0.13,-2.45,0.64
-0.49,0.84,0.76,2.33,1.60,0.15,1.17,0.23,0.01,-0.32,-0.80,1.63,1.84,-0.80,-0.03,-0.84,-1.57,0.73,-0.89,-0.67
-0.90,0.34,-1.69,-1.43,1.50,-2.83,-0.85,0.65,-0.56,0.74,-0.69,-1.11,-0.47,-0.02,-2.02,0.31,-0.12,0.54,0.08,-1.08
1.87,1.48,-0.99,-1.26,-1.67,-0.86,-0.50,-0.30,0.58,-3.51,0.29,-0.90,-1.39,-0.19,2.78,0.28,-0.26,0.29,0.78,-1.24
-1.73,-1.35,0.92,-0.22,-0.65,1.04,-0.43,-1.60,-0.32,0.91,1.05,-1.30,-0.56,0.94,0.55,0.33,-1.37,-0.83,1.93,0.64
4.00,-0.90,2.44,3.06,-0.08,5.10,3.10,0.15,0.54,-0.85,0.26,-0.03,1.28,-0.23,-1.42,0.02,0.52,0.79,-0.18,-0.68
1.36,2.13,-1.58,1.23,0.13,-1.91,-0.62,-0.24,1.87,0.42,-1.75,-1.29,0.70,-0.36,1.85,-1.83,-0.51,-0.72,-0.12,0.05
2.01,1.69,-1.24,-1.34,-1.00,-1.34,-0.27,-2.28,1.08,-1.11,-0.50,-1.42,-0.40,-0.41,-0.17,-0.56,0.96,0.66,-1.11,-0.40
-0.25,-0.49,3.10,-0.61,-0.61,3.14,2.58,0.82,-0.18,-1.23,-0.67,-0.51,1.30,0.25,-1.13,1.58,-2.00,0.72,1.01,0.45
1.92,0.56,-1.33,-2.90,-3.88,-0.44,-1.91,0.05,1.52,-0.02,0.95,-1.46,-2.08,-0.23,-2.48,0.81,0.62,-1.24,-0.88,-0.63
0.43,-0.07,-2.71,-0.76,-0.53,-2.39,-2.62,0.35,0.07,-1.12,-0.88,-0.00,0.55,-0.90,0.81,0.92,-1.61,0.95,0.77,-1.00
0.48,0.71,-0.97,-2.05,-1.69,-1.13,-1.08,-2.16,-0.29,-0.71,0.82,0.72,-0.61,-1.97,-1.45,0.70,-0.81,-2.00,0.95,1.07
2.27,-1.54,2.49,1.60,-2.59,5.11,1.25,-1.02,-0.61,0.55,1.24,-1.09,0.22,-0.68,0.68,0.19,-0.83,0.19,-1.21,0.07
-2.32,1.54,-0.12,0.82,1.69,-2.16,0.11,0.02,-0.71,-0.93,0.29,0.28,-0.54,-0.37,1.13,0.32,0.07,0.47,-1.74,0.76
0.17,1.07,-1.30,-0.92,-1.08,-1.68,-1.32,0.48,0.03,0.54,0.42,2.24,1.03,-1.59,-1.01,-0.05,-1.91,-1.53,1.86,0.09
2.98,0.44,1.53,1.00,-0.67,2.79,2.23,0.44,-1.54,-0.82,0.28,0.57,0.68,0.74,-0.83,0.74,2.09,-0.15,-0.85,2.58
-0.82,-0.72,1.45,1.20,0.37,1.61,0.88,0.66,0.61,1.36,-0.38,-1.47,-1.33,-0.06,-0.30,-0.07,0.38,0.82,-1.60,-0.58
-0.83,1.72,-2.28,-2.69,-0.76,-3.83,-2.00,0.90,-0.16,0.22,1.40,-0.05,-0.09,-0.11,-0.31,-0.19,1.38,-1.30,-0.26,0.59
-1.90,-1.67,0.28,0.67,1.27,0.25,-0.35,-0.57,-0.12,0.36,0.29,-1.57,0.17,-0.56,-0.27,-1.54,-2.45,0.37,-0.47,-0.47
-0.07,-0.81,1.13,1.20,2.70,1.07,2.07,1.21,0.26,1.64,-0.44,1.38,-1.16,1.09,-0.20,-1.74,0.34,-0.82,0.48,1.20
1.12,-0.45,0.34,-0.53,-1.06,1.17,0.19,-0.60,0.07,-0.33,1.82,-0.03,-1.38,2.27,-1.86,-0.68,-1.21,0.70,-1.55,-0.08
-2.97,1.54,-1.67,0.15,0.14,-3.64,-2.34,0.13,-0.36,-2.46,-0.02,-0.71,0.66,0.20,-2.14,-0.21,1.00,-0.63,-0.58,0.02
0.09,-0.07,0.70,2.02,5.03,-0.10,2.98,1.11,-0.11,-2.35,-0.10,0.72,-0.74,0.97,0.59,-1.17,-0.28,-0.46,0.19,1.42
2.26,-0.04,2.35,0.19,-2.60,3.85,1.75,0.81,0.51,-0.10,0.43,-1.43,-0.99,1.07,-2.56,0.63,0.44,-0.57,0.22,-0.60
2.10,0.13,2.28,2.00,-0.72,3.54,2.31,0.01,0.85,-1.98,-0.52,0.61,1.90,0.05,-0.15,1.36,-1.04,1.24,0.50,1.13
1.23,0.15,1.23,0.31,-1.11,1.93,1.07,-1.21,1.52,0.45,0.57,-0.19,-0.96,-1.67,-1.20,-0.10,1.09,-0.28,-1.06,-2.70
-2.43,1.18,-0.59,-1.20,-0.16,-2.41,-1.08,0.31,-1.11,0.72,-0.05,-1.56,0.89,0.40,-0.24,0.36,0.46,0.03,0.17,0.07
-0.45,0.32,-3.14,-0.14,-0.30,-3.29,-3.27,-0.57,-1.48,-0.61,-0.18,-1.00,0.47,-0.68,-2.34,-1.38,-0.41,-1.97,-1.00,0.89
-0.97,-0.25,2.81,-0.31,-0.88,2.57,1.88,-1.10,-0.47,-0.41,0.12,-0.88,0.89,1.38,-0.05,-1.41,0.11,-0.90,0.80,0.03
-0.06,0.32,-0.44,-1.94,-3.43,-0.17,-1.82,-0.40,-2.24,-0.20,0.71,0.53,-0.06,0.21,-0.23,0.25,-1.72,0.65,-0.76,-1.39
0.05,-1.30,1.38,1.64,-2.17,2.93,-0.42,0.73,-0.27,0.47,-1.92,-1.38,-1.68,0.08,0.85,0.40,0.08,1.28,1.31,1.98
0.97,2.76,-1.95,-1.00,-1.92,-2.72,-1.63,0.26,-0.45,-0.06,-1.16,-0.22,-0.29,0.26,-1.95,-0.90,-0.78,-1.52,-0.43,0.67
-1.18,-1.16,2.53,-0.76,-2.44,3.02,0.55,-0.09,0.67,1.69,0.64,-0.50,0.73,-0.34,-2.50,-0.92,-0.02,-0.18,0.51,-1.06
-1.56,2.04,-0.07,-0.86,-1.44,-1.65,-0.76,0.38,0.59,-0.51,0.53,1.08,1.12,0.94,-0.37,-1.25,0.55,0.62,0.07,0.50
-1.19,1.45,-1.68,-1.07,-2.08,-2.58,-2.62,0.05,-0.43,0.95,-2.05,-0.39,-0.65,1.85,0.36,-0.99,-0.10,0.06,-1.38,-1.07
0.12,0.89,1.82,2.07,3.89,0.75,3.71,-1.48,0.09,0.37,-0.41,-1.18,-1.06,0.55,1.32,-0.07,-1.65,-0.18,0.13,0.20
3.28,0.18,0.54,-0.33,-2.20,2.21,0.75,0.02,0.65,0.65,-1.77,0.20,-0.51,1.75,1.29,2.31,0.26,-0.04,-1.37,-0.27
-1.23,-0.48,2.32,-1.20,-0.93,1.95,1.38,1.07,-0.75,0.11,-0.77,-0.97,0.62,-0.57,0.35,-0.74,0.53,1.04,-1.55,-0.87
-1.28,-1.57,-0.93,1.73,1.35,-0.51,-1.41,-0.15,0.83,0.18,1.26,-0.90,1.47,0.32,1.54,0.27,-1.15,-0.14,2.83,0.18
-1.21,-1.09,-0.55,3.37,1.41,-0.06,-1.16,-0.01,-0.23,-2.34,0.39,-0.82,-1.11,-1.40,-0.29,0.31,0.60,-2.16,-0.38,0.58
-2.26,-1.92,0.01,0.15,-0.61,0.35,-1.71,1.73,1.54,-0.16,-0.21,-0.70,0.66,1.12,0.63,-0.64,-1.42,-0.54,-2.11,-0.16
0.61,0.19,-0.60,-1.18,-1.04,-0.42,-0.63,1.12,-1.23,0.03,-0.04,0.34,-2.43,-0.61,0.84,-0.29,-1.60,-1.18,-1.47,-0.55
1.31,-0.28,0.50,1.30,-0.14,1.47,0.61,-1.88,-0.17,1.26,-1.14,0.26,0.71,-0.80,-0.58,-1.32,-0.65,-0.08,-0.39,0.35
0.42,0.74,-1.12,1.42,2.49,-1.63,0.32,0.12,-0.65,0.60,-0.55,-1.17,0.49,0.73,-0.84,0.95,-1.73,0.81,0.11,-0.85
1.11,-0.00,-0.27,-1.54,-1.55,0.25,-0.36,0.12,0.41,-0.29,0.67,-2.21,-0.03,-0.29,1.62,0.22,-0.33,-1.61,0.63,1.22
1.33,-1.19,1.91,1.84,-0.64,3.55,1.39,1.35,-0.54,1.72,1.09,1.97,-0.52,-1.35,-1.08,-0.55,0.91,-0.90,2.16,0.19
-2.25,0.92,-0.53,-2.48,-2.11,-1.91,-1.82,0.69,-0.99,-0.66,-0.40,-0.69,0.52,0.97,-0.07,-1.14,-2.40,2.42,0.36,-0.24
0.44,-1.49,1.01,1.37,-1.76,2.69,-0.40,2.03,0.72,0.44,0.90,0.37,-0.04,-0.40,-2.11,0.45,1.32,-1.12,0.19,-0.26
-1.28,-1.81,0.11,2.39,2.33,0.51,-0.07,-0.26,1.13,-0.95,-1.43,-0.36,-2.03,-0.39,0.65,-0.78,1.50,-1.98,0.36,-0.88
2.87,-1.57,2.59,1.46,-1.52,5.17,2.17,0.61,-1.53,0.68,-0.90,0.65,0.67,0.06,1.16,1.10,1.50,-1.20,2.01,-0.89
2.70,0.15,0.58,-0.35,-3.11,2.25,0.08,-0.82,-0.95,-1.37,0.28,0.53,-0.61,0.27,-0.27,0.64,-1.84,0.97,0.66,-0.11
0.37,2.07,-1.59,-0.21,-1.95,-2.07,-1.87,1.69,-1.39,0.95,1.02,0.25,1.81,1.06,0.91,-2.42,-0.12,-1.00,-0.08,-1.15
2.72,1.24,-0.60,-0.28,-0.78,-0.02,0.45,-0.29,-0.52,-0.53,1.32,0.27,-0.23,-1.48,0.68,-0.33,-0.15,0.32,0.99,-0.50
-0.46,0.03,0.69,1.26,2.54,0.08,1.60,-1.62,-0.63,0.53,0.08,1.02,0.58,0.09,-1.41,-0.32,-0.01,0.80,1.46,0.38
0.47,1.52,0.43,-1.40,-1.80,-0.08,0.30,1.43,0.99,0.07,0.27,0.39,-1.21,-1.27,0.46,0.27,-1.19,-0.08,0.84,1.02
0.14,2.31,-2.02,-1.70,-2.12,-2.97,-2.12,-0.22,-0.38,1.02,1.48,0.47,0.43,0.81,0.21,-1.39,0.45,3.20,0.67,0.58
-0.81,0.89,-1.80,-1.57,0.25,-2.92,-1.41,-0.00,1.04,2.29,-0.05,-0.21,-1.04,-0.52,-0.56,-1.37,-0.93,-0.50,0.06,0.59
0.81,1.85,1.19,-0.56,-0.25,0.38,1.91,0.36,-1.42,0.15,0.60,-2.33,0.34,-1.08,1.29,1.22,1.79,-0.14,1.85,0.44
-2.01,-2.27,0.48,0.80,-1.74,1.50,-1.96,0.64,-0.65,0.87,-0.66,-1.64,0.89,-0.13,2.04,-0.91,-0.59,-0.53,0.22,0.82
-2.16,-1.53,-0.16,0.99,1.72,-0.40,-0.67,0.52,-0.50,-0.85,0.70,-1.08,0.58,-0.16,2.06,-1.27,0.31,-1.46,1.24,0.83
-1.41,-1.55,-0.91,1.57,1.11,-0.52,-1.54,1.06,-1.08,0.34,-0.79,-0.46,1.48,-0.36,-0.43,0.91,-0.14,1.77,-0.42,-0.81
-1.11,0.48,-3.64,0.18,-0.05,-4.12,-3.91,0.21,0.42,1.08,-0.08,0.53,-0.30,-0.48,1.38,-1.06,-2.55,1.69,-0.63,-2.48
0.83,0.43,-0.76,-1.31,-0.67,-0.73,-0.41,2.75,-0.67,0.66,-1.18,1.06,-0.19,0.27,0.63,-0.70,0.62,-0.01,0.71,-0.38
1.09,1.07,-0.56,-2.65,-3.72,-0.32,-1.32,-0.94,0.72,-0.15,1.34,-0.79,-0.26,-0.90,-1.10,0.33,1.08,0.77,0.40,0.57
0.25,0.38,-1.07,-2.23,-0.57,-1.46,-0.74,-1.08,-1.40,-0.86,-0.34,-0.71,-1.43,0.41,0.40,0.84,0.70,-0.85,-0.65,-0.51
2.08,0.96,-0.57,0.14,-0.54,-0.07,0.20,0.29,2.25,0.38,-1.06,0.53,-0.38,0.77,-0.20,0.43,-0.66,-1.08,1.72,-1.19
-0.69,1.59,0.22,-0.78,-0.84,-0.91,0.06,0.14,0.81,-0.31,-0.95,1.56,-0.82,-0.14,0.40,-0.48,0.68,-0.89,-1.34,-1.51
1.78,1.26,-1.56,0.23,0.25,-1.48,-0.41,0.62,-0.39,2.17,0.80,0.18,-0.80,-1.48,0.68,0.89,1.93,-0.45,-0.07,1.20
1.62,1.47,-1.76,0.05,-0.92,-1.60,-1.20,0.22,-1.61,0.30,-0.26,2.07,-1.50,-1.45,-0.94,0.53,0.20,0.26,-0.43,-0.22
-2.40,-1.94,-0.92,1.56,0.42,-0.54,-2.40,-0.20,-0.96,0.82,-0.69,-0.04,-1.31,0.05,0.92,0.59,-0.54,0.55,-1.92,0.57
-2.87,-3.10,-2.38,-0.14,2.27,-2.29,-3.00,-0.52,-1.20,-0.08,0.25,2.24,0.21,-0.61,-1.48,-1.40,0.03,0.17,0.39,1.61
2.38,-0.40,1.55,1.03,-0.97,3.11,1.63,-0.11,-0.27,-0.70,0.53,-0.85,0.36,0.36,0.74,-0.12,-0.73,-1.15,-0.27,-0.10
-1.55,-1.82,0.05,0.79,2.54,-0.03,0.17,1.42,-1.39,0.03,-1.09,-3.39,-0.71,-1.23,-0.37,-0.06,-1.44,1.23,0.56,0.11
0.29,0.37,-0.49,-1.65,-2.77,-0.21,-1.43,0.51,-1.23,0.89,2.25,-1.09,-0.64,-0.07,0.91,0.02,1.67,1.46,0.23,-0.71
-1.24,-2.04,1.20,-0.59,-0.58,1.79,-0.03,-0.63,-0.80,-0.41,0.17,-0.92,-0.52,-1.47,-1.20,1.58,0.48,1.26,-1.22,0.07
-2.28,1.05,0.21,0.23,1.17,-1.54,0.15,0.06,0.62,-1.63,-0.58,0.67,0.25,0.78,0.62,0.30,1.20,-0.60,-1.50,0.21
-0.56,1.74,-0.75,-0.01,-0.72,-1.73,-0.88,1.18,-0.04,1.92,-1.38,-1.41,0.03,-0.58,-0.79,1.16,0.19,-0.43,1.09,1.99
0.64,0.41,0.87,1.15,-1.88,1.57,-0.01,-0.97,1.13,1.31,-0.42,-0.04,0.14,1.03,-1.01,1.68,0.49,-1.13,-1.32,0.43
0.84,-1.41,0.85,0.83,-0.68,2.28,0.29,0.47,0.07,0.53,-0.34,-0.64,0.91,-1.12,-0.55,-1.09,0.61,0.41,0.97,0.69
0.68,0.34,-0.47,-2.30,-2.71,-0.17,-1.11,0.21,1.28,-0.62,-1.56,-0.30,-0.91,1.18,1.08,-0.57,-2.39,2.71,0.67,0.88
4.29,0.43,2.30,0.90,-2.02,4.36,2.79,-0.36,-0.69,-1.53,-0.04,-1.38,-1.23,-2.43,-0.35,-1.08,0.76,0.80,0.16,-1.90
2.83,-1.05,1.13,-2.80,-3.28,3.04,0.73,-1.28,0.79,-0.35,-1.43,0.92,-0.20,-0.69,-1.42,-1.17,-1.14,0.79,-1.03,0.55
-0.53,0.06,-0.63,-3.00,-3.13,-0.70,-1.90,-1.06,0.14,0.32,-0.05,-0.42,0.43,-0.42,-0.86,-0.74,0.53,-0.23,-0.19,-0.18
0.22,-2.96,1.21,2.79,-0.19,3.52,-0.10,0.74,0.55,-0.49,0.78,0.55,0.73,-0.48,1.09,1.74,0.32,-0.13,0.14,0.24
1.67,1.66,-1.23,0.27,-0.38,-1.26,-0.37,0.18,-1.09,-1.53,-0.08,-1.19,0.40,-0.87,-1.98,1.18,-1.34,-2.10,-0.35,-0.61
-0.20,-3.68,0.80,2.45,-0.29,3.31,-0.84,1.19,-1.42,0.37,-0.71,0.04,-0.69,-1.50,0.55,1.05,0.80,0.31,-0.69,1.14
-1.01,-0.70,-0.53,2.30,1.59,-0.43,-0.67,-1.19,0.22,-1.12,-0.31,0.43,-1.45,-0.18,-0.59,1.36,0.49,0.66,-0.01,0.01
-0.10,-1.53,1.66,0.78,-2.70,3.22,-0.38,0.53,-0.97,-0.17,-0.08,-1.59,-1.11,0.57,0.59,-0.73,0.76,-0.45,1.67,0.19
-2.10,1.62,-1.04,-0.22,-0.14,-2.75,-1.45,0.80,0.29,-0.03,0.49,0.27,-0.59,0.33,1.47,1.69,0.28,0.95,-0.08,-1.47
0.86,1.62,-1.50,-1.51,-1.13,-2.01,-1.03,0.70,-1.52,1.26,0.13,-1.45,-0.24,1.17,-0.84,0.01,-0.64,1.43,1.03,-1.09
-1.97,1.44,0.67,-2.86,-3.90,-0.58,-1.28,-1.07,-1.97,-1.23,-0.47,0.04,-0.25,-1.07,0.83,-0.09,-0.19,-0.49,1.58,-0.24
1.66,0.23,2.13,0.17,-2.50,3.22,1.42,0.36,-0.48,-0.64,1.21,-1.47,0.51,-0.07,1.71,0.46,-0.54,0.12,-0.73,1.66
-2.28,2.14,-0.51,1.70,2.20,-2.79,0.01,-0.87,0.18,0.84,0.31,0.30,1.51,0.89,0.35,0.28,0.73,0.31,1.20,0.50
-2.18,1.19,-2.53,-1.91,0.65,-4.51,-2.31,0.02,1.57,-0.01,-0.94,-0.53,-0.41,-0.15,-0.39,0.95,-1.26,-0.54,0.01,-0.25
1.46,-0.99,1.86,-0.06,-1.72,3.33,1.23,1.12,0.05,0.63,1.97,-0.20,0.70,-0.10,-1.50,-0.25,-1.48,1.01,0.23,0.74
-1.50,0.72,-0.98,-0.57,-0.50,-1.93,-1.51,0.65,-0.61,-0.58,0.83,-0.51,0.38,0.02,-0.47,-0.74,0.63,0.21,1.89,0.14
-1.18,1.94,-1.74,-1.90,-4.09,-2.58,-3.46,0.32,-0.45,-0.43,0.14,-0.95,-0.21,-1.28,-0.53,1.77,1.54,0.58,0.58,-0.32
-0.02,-0.04,0.83,2.48,1.90,0.85,1.33,1.15,1.07,0.72,-0.01,-0.11,0.10,-1.31,-0.67,-0.57,0.70,1.67,1.96,0.30
0.20,-0.99,1.23,0.70,-2.29,2.51,-0.32,-1.13,0.45,-0.59,-1.59,0.79,-0.55,1.21,-0.05,-0.04,-2.33,-1.01,-2.07,0.32
-1.20,1.15,-1.26,-0.43,-0.68,-2.23,-1.68,-0.30,0.13,0.18,-1.23,-1.38,0.54,0.23,0.83,-1.37,1.32,-0.54,0.09,2.04
0.32,-2.36,-0.65,1.34,0.12,1.08,-1.29,-1.11,-0.49,0.23,0.25,-0.01,-1.88,1.68,0.48,1.27,-0.56,0.47,0.33,-1.82
0.61,2.27,-2.07,0.85,0.55,-2.94,-1.06,-1.10,0.85,-0.67,0.30,0.26,-2.00,-0.62,-0.90,0.78,0.12,-0.66,-1.58,-0.41
1.20,0.22,-1.59,-1.43,-1.63,-1.04,-1.62,0.77,1.51,-0.08,-0.25,-0.04,0.32,-0.89,-1.84,-1.45,-1.58,0.14,-1.63,0.32
-0.55,-0.93,0.78,2.39,2.84,0.82,1.36,0.27,0.60,-0.34,-0.52,-0.63,1.10,-0.50,0.45,1.82,0.40,-0.14,-0.36,0.93
-0.62,-0.38,-3.24,-1.36,-0.91,-3.17,-3.72,0.65,1.38,-0.45,-0.28,-1.05,0.75,-0.56,-0.03,-0.65,-1.13,-1.34,-0.04,1.16
1.91,1.13,-0.78,1.03,0.29,-0.45,0.25,1.21,1.66,-0.29,-1.14,2.17,-1.93,0.29,1.76,0.55,0.89,-0.21,0.97,0.69
-1.74,-2.16,-0.50,1.13,0.75,0.07,-1.53,0.35,0.12,-1.88,-1.69,0.13,-0.69,1.04,0.12,0.24,0.52,-1.46,2.00,0.54
-0.51,1.26,0.18,-1.81,-2.40,-0.51,-0.63,-0.08,0.01,-0.58,-0.38,-0.21,-0.81,-1.70,-1.28,-0.52,1.19,-0.49,0.53,-0.43
2.68,0.84,-0.27,-0.46,-1.23,0.57,0.44,-0.54,0.20,-1.04,0.08,2.32,-1.09,1.21,0.72,0.29,-1.10,-0.12,1.36,1.11
-1.91,0.69,-1.35,-0.83,-0.64,-2.45,-2.06,-0.20,0.51,-1.16,-0.98,-0.85,0.70,-0.76,-0.20,-0.04,-0.07,2.46,0.15,0.84
-1.04,-1.38,0.97,0.49,3.45,0.51,1.91,-0.93,0.83,-0.82,-1.36,0.62,0.89,0.73,0.34,1.28,0.09,-0.28,-1.84,-0.50
2.56,-0.25,1.93,0.51,-3.71,4.04,0.76,-2.04,-0.39,-1.47,0.89,0.20,-0.08,-0.83,1.31,2.51,0.81,1.19,0.20,-0.31
-0.83,0.40,-1.45,-0.60,0.17,-2.10,-1.42,-0.32,-0.77,0.60,0.57,0.27,-0.11,0.90,0.21,0.29,0.93,-0.38,0.43,-0.44
2.38,-0.80,0.89,1.30,-0.32,2.60,1.19,0.18,1.32,0.98,-1.32,0.31,0.69,0.65,1.12,-0.03,0.06,-1.11,-0.77,0.53
-0.48,1.22,-1.61,-1.57,-1.25,-2.42,-1.81,-1.09,0.58,-0.98,0.32,0.03,0.25,-2.58,0.86,0.49,-0.45,-0.13,-0.85,0.24
-0.43,-0.11,1.17,0.66,2.52,0.51,2.15,0.27,0.53,0.68,-1.39,-0.96,0.26,1.37,-0.50,0.41,0.48,0.11,-0.96,-1.44
1.06,0.54,-0.71,-2.28,-1.68,-0.61,-0.60,-0.11,-1.30,-0.11,-0.65,0.91,-0.71,-1.91,-0.75,1.10,-1.76,2.17,-0.73,0.49
-0.61,-0.98,0.03,1.99,1.51,0.36,-0.03,-0.63,-1.07,-0.91,-1.33,0.02,-1.78,-0.20,-1.14,-0.80,1.25,2.43,0.02,-0.00
1.98,0.78,-0.67,-1.36,-0.65,-0.39,0.23,0.14,-0.65,-0.72,1.60,-0.07,-0.28,-2.12,0.37,-1.40,1.07,0.25,0.41,0.30
-1.25,-1.63,-0.45,1.76,0.28,0.27,-1.52,0.92,0.09,-1.25,0.54,0.43,1.92,1.40,1.03,-1.66,0.20,0.74,0.49,0.13
-2.05,-2.49,-0.29,-0.75,0.10,0.09,-1.53,-0.09,-0.74,-1.98,-1.92,-2.82,0.43,-0.43,-0.65,-1.32,-0.92,0.83,0.05,0.15
2.16,-0.86,0.55,1.52,-0.03,2.20,0.87,-1.74,0.47,-0.45,-0.86,-1.60,-0.24,0.88,0.41,0.19,0.46,0.97,0.72,-2.50
2.06,-0.63,1.89,1.23,0.38,3.15,2.45,-2.39,-0.81,-0.37,1.38,0.80,-0.39,-0.72,0.40,-1.20,-0.08,2.22,0.49,1.24
-0.66,0.78,-1.68,-0.98,-0.56,-2.36,-1.81,-0.20,-0.77,0.58,1.88,1.28,0.13,-0.67,-0.79,-1.62,-1.72,-0.17,0.45,2.02
-2.09,-1.49,0.00,0.32,2.89,-0.67,0.26,-0.40,1.95,-0.58,0.35,-0.13,-0.95,0.10,0.79,-0.04,1.02,-0.78,0.46,-0.87
-1.46,1.18,0.23,0.07,1.32,-1.34,0.64,-0.41,-0.61,0.89,0.62,-2.19,0.30,1.55,-0.80,1.61,0.16,-0.20,0.64,-1.09
-0.56,-3.11,1.65,1.51,-0.75,3.56,-0.09,-1.82,-0.37,1.99,-1.15,-0.22,-0.57,1.15,-0.11,1.09,0.25,-0.39,-0.19,0.79
-1.63,1.04,-2.86,0.31,0.30,-3.97,-3.05,-0.40,-0.30,0.08,-0.87,1.06,-0.02,0.18,1.74,1.48,0.06,1.68,-0.34,-1.42
0.21,1.30,-1.60,-2.28,-0.90,-2.41,-1.19,1.07,0.43,0.54,-0.11,-0.56,-0.39,-0.12,1.34,0.86,-0.08,-2.18,-0.80,-0.83
-0.22,-0.09,1.02,2.62,2.27,0.91,1.60,-0.49,-0.01,-0.03,-0.08,1.52,0.25,-1.97,1.36,0.39,-1.69,1.11,-0.97,-0.51
0.63,1.15,-1.46,-1.23,-2.31,-1.45,-1.87,-0.48,-0.84,-1.01,1.11,1.44,-0.10,2.10,-1.24,-0.47,0.71,0.69,1.49,1.93
2.07,0.46,-0.06,-0.82,-2.10,0.88,-0.09,-1.19,0.47,-0.68,1.75,1.25,-0.51,1.09,-0.14,-0.62,-0.63,-2.05,-0.90,0.52
-1.33,-1.14,0.36,1.56,2.23,0.20,0.42,0.35,-1.43,0.92,-0.66,-0.28,-0.31,0.59,0.14,-0.84,0.14,-1.00,0.63,-1.15
0.99,2.22,-1.75,-0.75,-1.38,-2.31,-1.34,-1.09,-0.38,0.01,0.82,-0.70,-0.49,1.10,-0.40,-2.31,-0.81,0.89,2.03,0.18
-1.22,1.63,-1.02,0.58,0.62,-2.40,-0.83,1.05,-1.86,0.34,0.13,1.01,0.84,0.40,-1.18,1.13,-0.18,-0.06,-0.73,0.13
2.62,1.09,-0.38,-1.00,-2.19,0.43,-0.04,0.23,1.04,-0.70,0.41,0.56,-1.36,1.25,-0.12,-1.53,-1.36,-0.91,0.74,-0.24
-0.50,1.14,-0.26,-0.42,0.20,-1.22,0.02,1.48,-1.32,-1.29,0.47,-0.25,0.92,1.04,1.06,-0.43,-1.79,0.64,0.28,-0.69
-1.96,1.30,1.12,0.00,1.58,-0.84,1.48,1.23,1.28,1.36,-0.86,0.96,-0.31,-0.26,-0.12,-1.71,-1.40,0.41,1.54,-1.86
-1.22,2.48,-0.24,-1.30,-3.03,-1.62,-1.44,1.25,-1.41,0.61,0.36,-1.65,0.22,1.29,-1.07,-1.24,0.02,-0.15,-0.66,0.74
-1.68,-2.11,-0.00,-0.35,0.20,0.37,-1.03,-0.89,0.51,1.04,-1.47,-1.13,0.19,-0.01,-0.89,-0.38,0.51,2.02,-0.39,2.27
-1.65,-1.36,0.89,-0.58,-0.78,1.00,-0.44,0.02,0.03,1.17,-1.46,-0.97,-0.52,0.05,-0.88,-0.36,-1.24,0.71,-0.34,0.59
-0.73,-1.04,0.03,1.69,2.40,0.07,0.43,0.08,-0.73,2.11,-0.10,-0.35,-1.38,-1.17,-0.26,0.72,0.58,-0.55,0.92,0.83
-1.47,1.91,-1.20,0.07,-1.65,-2.37,-2.14,-0.06,-1.97,0.62,-1.36,0.21,0.54,-1.86,-1.23,1.82,1.86,0.14,-0.39,0.03
2.33,1.07,2.90,-1.28,-4.49,3.95,1.86,-0.26,0.72,0.15,1.06,1.44,0.37,-0.86,-0.05,-0.44,-0.42,0.59,1.26,0.04
-0.50,0.22,-1.73,-0.78,-0.25,-2.07,-1.80,0.02,-0.90,-0.24,0.04,0.21,-0.57,0.01,0.15,-0.77,2.44,0.21,-0.49,2.03
1.90,-1.16,0.97,1.31,0.31,2.53,1.31,0.35,0.30,1.60,0.31,0.51,1.47,-0.68,0.83,-1.54,0.03,0.57,0.84,-1.18
-0.82,1.81,-2.21,-3.21,-1.86,-3.64,-2.40,-0.81,0.04,0.77,-0.65,-0.62,-0.18,0.43,-0.07,0.30,-1.23,-2.51,0.27,0.18
2.07,0.10,-1.30,-0.30,-0.14,-0.48,-0.45,0.23,-1.55,-1.36,0.37,-0.67,-0.23,0.16,-1.36,0.38,1.61,0.01,-2.38,-0.66
-1.97,-2.34,-0.27,0.51,-1.00,0.61,-2.25,0.50,-1.45,0.01,-0.13,0.00,-1.05,-0.41,1.16,-0.30,0.89,-1.51,1.02,0.28
-1.89,1.69,-2.63,-2.93,-0.78,-4.62,-2.73,0.70,-0.50,-1.91,-0.28,1.34,-1.17,-0.22,-0.08,-2.07,0.86,-0.30,-1.79,-0.52
1.99,0.19,0.64,1.03,-0.54,1.66,0.98,0.08,-0.65,0.29,0.41,-1.47,0.61,-1.06,-1.24,0.43,2.50,1.40,-0.84,2.36
2.62,2.10,-0.83,2.20,-1.09,-0.17,-0.23,0.08,0.05,0.11,0.92,1.38,0.77,0.38,-0.75,1.10,1.76,0.52,0.61,-0.22
0.99,-1.77,0.94,1.83,-1.02,2.92,-0.02,1.70,-0.42,0.06,-1.00,-0.01,-0.16,-1.21,-0.23,-0.87,-0.92,0.41,1.01,0.79
-1.95,-1.20,-0.71,1.74,-1.25,-0.12,-2.73,-1.98,-0.63,0.14,1.60,-0.23,-1.07,-0.60,1.31,-1.03,-0.81,0.63,0.25,0.49
2.75,-0.70,1.02,2.46,2.20,2.44,2.60,-1.62,-1.46,0.67,1.04,-0.47,1.83,-0.81,-0.50,-1.06,0.59,-0.28,0.35,-2.90
0.85,-1.79,0.97,1.46,-0.27,2.63,0.40,1.78,0.88,-0.83,0.11,-0.13,1.37,-0.21,-2.14,1.61,0.48,0.47,-0.86,1.64
-0.70,1.13,-1.12,-1.19,-1.24,-1.91,-1.50,0.51,0.42,-0.78,-0.43,0.94,-1.45,0.30,0.21,0.42,-1.40,-0.02,0.60,-0.05
0.67,0.69,-1.29,1.02,2.26,-1.69,0.19,-0.78,1.09,-0.28,-0.04,0.02,0.04,-0.13,1.34,0.79,0.18,-2.04,1.02,-1.57
0.56,2.98,-2.76,-1.41,0.05,-4.36,-1.42,-0.69,0.07,1.03,1.69,-0.11,1.23,1.33,0.10,0.68,1.00,2.25,-0.94,-1.07
-0.09,-0.41,1.53,0.18,-1.80,2.13,0.36,-1.38,0.18,0.30,-2.48,-1.07,0.46,-0.56,2.50,-0.88,1.35,0.79,-2.68,0.70
